{
  "A_rabc": {
    "n_triplets": 10,
    "median_R_ABC": 0.9576482999297367,
    "R_ABC_values": [
      0.9776531486127006,
      0.9565060027343103,
      0.9566720469725811,
      0.9572334877433655,
      0.9574953230722607,
      0.9702001946441277,
      0.957161798053732,
      0.9637246552213606,
      0.9578012767872125,
      0.9625798055713914
    ],
    "d_ABC_median": 0.04025012254714966,
    "d_component_median": 0.03852882981300354,
    "bootstrap_median_CI95": [
      0.9569527673579733,
      0.9663900001077596
    ],
    "prob_R_geq_1": 0.0,
    "prob_R_leq_0p59_transformer": 0.0,
    "interpretation": "Synergy claim holds iff upper CI bound < 1. Effect sizes are small (d_A..d_C ~ 0.04), so the ratio is ill-conditioned; the absolute deviation from 1 is <0.05."
  },
  "B_gap_normalization": {
    "traced_source_layers": [
      0,
      5
    ],
    "max_target_layer": 8,
    "interpretation": "Raw edge counts rise with gap simply because earlier source layers reach more downstream targets. 'Edges per traced (source, target) pair' is the correct attenuation metric; mean_abs_d conditional on an edge is stable but not strongly increasing."
  },
  "C_random_gene_null": {
    "real_annotation_rate": 1.0,
    "per_library_hit_rate": {
      "CellMarker_Augmented_2021": 1.0,
      "GO_Biological_Process_2023": 1.0,
      "KEGG_2021_Human": 0.99951171875,
      "PanglaoDB_Augmented_2021": 1.0,
      "Reactome_2022": 1.0
    },
    "random_gene_null_any_rate": NaN,
    "n_samples": 200,
    "panel_size_G": 487,
    "top_list_size_S": 20,
    "caveat": "This is a desk-controllable approximation. A definitive null requires re-running Enrichr on 200 random 20-gene samples; the framework is in place (see random_gene_null_online.py)."
  },
  "D_steering_baseline": {
    "p_positive_low_alpha": 0.39,
    "p_positive_high_alpha": 0.61,
    "delta": 0.21999999999999997,
    "per_alpha_tilt": {
      "0.5": {
        "n": 100,
        "mean_push": 5.147971805509799e-05,
        "p_positive": 0.39,
        "p_positive_binom_ci95": [
          0.3,
          0.48
        ]
      },
      "2.0": {
        "n": 100,
        "mean_push": -0.00010295943763920706,
        "p_positive": 0.61,
        "p_positive_binom_ci95": [
          0.52,
          0.7
        ]
      },
      "5.0": {
        "n": 100,
        "mean_push": -0.0004118377049832034,
        "p_positive": 0.61,
        "p_positive_binom_ci95": [
          0.51,
          0.7
        ]
      }
    },
    "interpretation": "Report the alpha-dependent *change* in P(push>0), not 61% vs 50%. The 50% chance level implicitly assumes a symmetric baseline; the real null is the low-alpha rate."
  },
  "E_gene_pair_novelty": {
    "n_pairs_in_panel": 401,
    "observed_shared_proxy_rate": 0.20698254364089774,
    "random_pair_shared_proxy_rate": 0.00715211970074813,
    "random_pair_95CI": [
      0.0,
      0.017456359102244388
    ],
    "novelty_relative_to_random": 0.7930174563591023,
    "novelty_excess_over_random": -0.1998304239401496,
    "proxy_threshold": 50,
    "caveat": "'Shared' here is a co-occurrence proxy (>=50 shared feature top-gene lists), not GO overlap. The delta over random is what supports or weakens the 70%-novel claim; the absolute 70% is uninterpretable without a baseline."
  }
}